<?xml version="1.0" encoding="UTF-8"?>
<module rename-to='presys'>
  <!-- Inherit the core Web Toolkit stuff.                        -->
  <inherits name='com.google.gwt.user.User'/>
  <inherits name='com.sencha.gxt.ui.GXT' />
  <!-- Inherit the default GWT style sheet.  You can change       -->
  <!-- the theme of your GWT application by uncommenting          -->
  <!-- any one of the following lines.                            -->
 <!-- <inherits name='com.google.gwt.user.theme.clean.Clean'/>-->  
  <inherits name="com.gwtext.GwtExt"/>
  <!-- <inherits name='com.google.gwt.user.theme.standard.Standard'/> -->
  <!-- <inherits name='com.google.gwt.user.theme.chrome.Chrome'/> -->
 <!--  <inherits name='com.google.gwt.user.theme.dark.Dark'/>     -->
 <inherits name="com.sencha.gxt.theme.blue.Blue" />

  <!-- Other module inherits                                      -->

  <!-- Specify the app entry point class.                         -->
  <entry-point class='com.sistemas.presys.client.Presys'/>

  <!-- Specify the paths for translatable code                    -->
  <source path='client'/>
  <source path='shared'/>
  <stylesheet src="js/ext/resources/css/ext-all.css"/>
  <script src="js/ext/adapter/ext/ext-base.js"/>
  <script src="js/ext/ext-all.js"/>

   <!-- <set-property name="user.agent" value="gecko1_8"/>    
  <set-property name="user.agent" value="ie6"></set-property>
  <set-property name="user.agent" value="safari"></set-property>--> 
  
  
</module>
